{"cameraMode":{"drawMode":0,"name":"Shaded","section":"Shading Mode"},"sceneLighting":false,"audioPlay":false,"sceneViewState":{"showFog":true,"showMaterialUpdate":false,"showSkybox":false,"showFlares":true,"showImageEffects":true,"showParticleSystems":true},"in2DMode":false,"pivot":{"x":0.15015721321105958,"y":0.05057315528392792,"z":-5.670129299163818},"rotation":{"x":0.13465234637260438,"y":-0.7044963836669922,"z":0.13893041014671327,"w":0.6828509569168091},"size":1.4931201934814454,"orthographic":false}