{"cameraMode":{"drawMode":0,"name":"Shaded","section":"Shading Mode"},"sceneLighting":false,"audioPlay":false,"sceneViewState":{"showFog":true,"showMaterialUpdate":false,"showSkybox":false,"showFlares":true,"showImageEffects":true,"showParticleSystems":true},"in2DMode":false,"pivot":{"x":3.71097469329834,"y":0.0020996094681322576,"z":-9.117429733276368},"rotation":{"x":0.7213426232337952,"y":-0.08526993542909622,"z":0.09027405083179474,"w":0.681355357170105},"size":1.1728956699371338,"orthographic":true}