{"cameraMode":{"drawMode":0,"name":"Shaded","section":"Shading Mode"},"sceneLighting":false,"audioPlay":false,"sceneViewState":{"showFog":true,"showMaterialUpdate":false,"showSkybox":false,"showFlares":true,"showImageEffects":true,"showParticleSystems":true},"in2DMode":false,"pivot":{"x":-3.1794347763061525,"y":-1.0101453065872193,"z":5.219743251800537},"rotation":{"x":-0.026383785530924798,"y":0.9527531266212463,"z":-0.29034462571144106,"w":-0.08621850609779358},"size":2.5873630046844484,"orthographic":true}