{"cameraMode":{"drawMode":0,"name":"Shaded","section":"Shading Mode"},"sceneLighting":false,"audioPlay":false,"sceneViewState":{"showFog":true,"showMaterialUpdate":false,"showSkybox":false,"showFlares":true,"showImageEffects":true,"showParticleSystems":true},"in2DMode":false,"pivot":{"x":-0.002180814743041992,"y":0.8332496881484985,"z":-0.0024827122688293459},"rotation":{"x":-0.06609074771404267,"y":0.903091311454773,"z":-0.1507122814655304,"w":-0.3968016803264618},"size":1.0132901668548585,"orthographic":true}