{"cameraMode":{"drawMode":0,"name":"Shaded","section":"Shading Mode"},"sceneLighting":false,"audioPlay":false,"sceneViewState":{"showFog":true,"showMaterialUpdate":false,"showSkybox":false,"showFlares":true,"showImageEffects":true,"showParticleSystems":true},"in2DMode":false,"pivot":{"x":2.975863456726074,"y":0.34094253182411196,"z":-21.403505325317384},"rotation":{"x":0.20143161714076997,"y":0.005884552374482155,"z":-0.00114683888386935,"w":0.9795461297035217},"size":1.910938024520874,"orthographic":true}